<?xml version="1.0" encoding="UTF-8"?>
<project-private xmlns="http://www.netbeans.org/ns/project-private/1">
    <editor-bookmarks xmlns="http://www.netbeans.org/ns/editor-bookmarks/1"/>
    <editor-bookmarks xmlns="http://www.netbeans.org/ns/editor-bookmarks/2" lastBookmarkId="0"/>
    <open-files xmlns="http://www.netbeans.org/ns/projectui-open-files/2">
        <group>
            <file>file:/M:/MOHAK/BIT%20COLLEGE/Final%20Year%20Project/Computer_%20Shop_Management_System%201/src/connector/Open.java</file>
            <file>file:/M:/MOHAK/BIT%20COLLEGE/Final%20Year%20Project/Computer_%20Shop_Management_System%201/src/connector/Home.java</file>
            <file>file:/M:/MOHAK/BIT%20COLLEGE/Final%20Year%20Project/Computer_%20Shop_Management_System%201/src/connector/Stock.java</file>
            <file>file:/M:/MOHAK/BIT%20COLLEGE/Final%20Year%20Project/Computer_%20Shop_Management_System%201/src/connector/who_you_are.java</file>
        </group>
    </open-files>
</project-private>
